AF3267542_1C	1269	726	726M
AF3267542_2A	769	450	1D449M
AF3267542_1B	1344	765	765M
AF3267542_1A	217	207	207M
AF3267542_3A	336	255	255M
AF3267542_2B	441	297	297M
AF3267542_2C	1896	987	987M
AF3267542_1D	1501	864	1D863M
AF3267542_3C	997	549	1D548M
AF3267542_3D	2473	1386	1386M
AF3267612_1A	212	207	207M
AF3267612_3C	961	549	549M
AF3267612_1D	1609	867	867M
AF3267612_2C	1898	987	987M
AF3267612_3A	301	255	255M
AF3267612_1B	1267	765	765M
AF3267612_2B	409	297	297M
AF3267612_2A	766	450	450M
AF3267612_3D	2329	1386	1386M
AF3267612_1C	1286	726	726M
AF3267642_1B	1309	765	765M
AF3267642_3A	315	258	258M
AF3267642_2B	389	297	297M
AF3267642_2C	1724	987	987M
AF3267642_1C	1244	726	726M
AF3267642_2A	713	450	450M
AF3267642_3C	1028	549	549M
AF3267642_1A	212	207	207M
AF3267642_1D	1578	873	873M
AF3267642_3D	2413	1386	1386M
AY4217601_3A	332	258	258M
AY4217601_2A	696	450	450M
AY4217601_2C	1828	987	987M
AY4217601_VP3	1239	720	720M
AY4217601_2B	398	297	297M
AY4217601_VP4	230	207	207M
AY4217601_VP2	1311	765	765M
AY4217601_3C	924	549	549M
AY4217601_3D	2374	1386	1386M
AY4217601_VP1	1587	885	885M
AY4217611_3A	345	258	258M
AY4217611_2B	497	297	297M
AY4217611_2C	1814	987	987M
AY4217611_VP1	1521	882	1D881M
AY4217611_VP4	231	207	1D206M
AY4217611_VP2	1357	765	765M
AY4217611_2A	678	450	1D449M
AY4217611_3C	938	549	549M
AY4217611_VP3	1365	720	720M
AY4217611_3D	2499	1386	1386M
AY4217621_VP4	235	207	207M
AY4217621_3A	364	258	258M
AY4217621_VP3	1266	720	720M
AY4217621_2A	695	450	450M
AY4217621_3D	2396	1386	1386M
AY4217621_3C	915	549	549M
AY4217621_VP1	1587	915	1D914M
AY4217621_2C	1915	987	987M
AY4217621_2B	369	297	297M
AY4217621_VP2	1385	768	768M
AY4217641_VP3	1257	720	720M
AY4217641_VP2	1442	768	768M
AY4217641_3A	351	258	258M
AY4217641_2C	1719	987	987M
AY4217641_VP4	206	207	207M
AY4217641_2A	753	450	450M
AY4217641_3D	2421	1386	1385M1D
AY4217641_2B	395	297	1D296M
AY4217641_3C	1052	549	549M
AY4217641_VP1	1619	915	915M
AY4217651_VP4	219	207	207M
AY4217651_2B	488	297	297M
AY4217651_3C	957	549	549M
AY4217651_VP3	1313	726	2D724M
AY4217651_VP2	1368	762	762M
AY4217651_3D	2268	1386	1D1385M
AY4217651_2A	717	450	450M
AY4217651_3A	321	258	258M
AY4217651_VP1	1544	888	888M
AY4217651_2C	1865	987	987M
AY4217661_VP4	234	207	207M
AY4217661_VP3	1201	720	720M
AY4217661_VP1	1531	882	882M
AY4217661_3C	970	549	549M
AY4217661_2A	768	450	450M
AY4217661_2B	425	297	297M
AY4217661_3A	304	258	258M
AY4217661_3D	2386	1386	1D1385M
AY4217661_VP2	1332	765	765M
AY4217661_2C	1946	987	987M
AY4217681_VP4	234	207	1D206M
AY4217681_2A	706	450	450M
AY4217681_3C	942	549	549M
AY4217681_2B	434	297	297M
AY4217681_3A	289	258	258M
AY4217681_VP2	1206	765	765M
AY4217681_VP1	1613	888	888M
AY4217681_VP3	1270	720	1D719M
AY4217681_2C	1800	987	986M1D
AY4217681_3D	2322	1386	1386M
AY4217691_VP3	1486	726	726M
AY4217691_2C	1843	987	987M
AY4217691_3A	308	258	258M
AY4217691_VP1	1564	888	888M
AY4217691_3D	2475	1386	1385M1D
AY4217691_3C	969	549	549M
AY4217691_VP4	210	207	207M
AY4217691_2A	722	450	450M
AY4217691_2B	445	297	297M
AY4217691_VP2	1316	762	762M
AY6974581_1A	224	207	207M
AY6974581_2B	435	297	1D296M
AY6974581_2A	725	450	450M
AY6974581_3A	345	258	258M
AY6974581_1B	1250	774	773M1D
AY6974581_3C	1005	549	549M
AY6974581_3D	2400	1386	1386M
AY6974581_1D	1472	888	1D887M
AY6974581_2C	1795	987	987M
AY6974581_1C	1352	732	732M
AY6974591_1A	215	207	207M
AY6974591_2B	466	297	295M2D
AY6974591_3A	339	258	258M
AY6974591_2A	799	450	450M
AY6974591_1D	1596	888	888M
AY6974591_3C	907	549	549M
AY6974591_3D	2292	1386	1D1385M
AY6974591_1C	1300	732	732M
AY6974591_1B	1376	765	765M
AY6974591_2C	1863	987	1D986M
AY6974601_3A	311	255	255M
AY6974601_2B	360	297	297M
AY6974601_1A	214	207	207M
AY6974601_3C	857	549	548M1D
AY6974601_1B	1381	765	765M
AY6974601_2C	2001	987	987M
AY6974601_1C	1360	732	2D730M
AY6974601_1D	1626	885	885M
AY6974601_2A	688	450	450M
AY6974611_1A	228	207	207M
AY6974611_1D	1594	888	888M
AY6974611_2A	705	450	450M
AY6974611_2C	1852	987	987M
AY6974611_1B	1384	774	774M
AY6974611_3A	331	255	4D251M
AY6974611_2B	358	297	297M
AY6974611_3C	1044	549	549M
AY6974611_1C	1296	726	726M
AY6974611_3D	2374	1386	1D1383M2D
EF6673441_2A	738	450	450M
EF6673441_3C	933	549	1D548M
EF6673441_1A	232	207	1D206M
EF6673441_1D	1681	891	891M
EF6673441_1B	1403	765	765M
EF6673441_3A	297	255	255M
EF6673441_2B	401	297	297M
EF6673441_3D	2293	1386	1D1384M1D
EF6673441_2C	1840	987	3D983M1D
EF6673441_1C	1165	720	1D719M
KU3558761_3C	913	549	549M
KU3558761_protease	732	450	450M
KU3558761_3A	320	258	258M
KU3558761_capsid	1301	765	1D764M
KU3558761_2B	520	297	297M
KU3558761_2C	1931	987	987M
KU3558761_3Dpol	2377	1386	1386M
KU3558771_2B	381	297	297M
KU3558771_3C	990	549	549M
KU3558771_capsid	1467	765	765M
KU3558771_3A	335	255	255M
KU3558771_2C	1897	987	1D986M
KU3558771_protease	711	450	450M
KU3558771_3Dpol	2349	1386	2D1384M
U058761_VP4	234	207	207M
U058761_2B	366	297	297M
U058761_2A	698	450	450M
U058761_VP2	1298	762	762M
U058761_VP1	1619	891	891M
U058761_3C	1003	549	1D548M
U058761_3A	324	258	258M
U058761_3D	2386	1386	1386M
U058761_2C	1701	987	987M
U058761_VP3	1220	726	726M
U225211_VP4	222	207	207M
U225211_3A	347	258	258M
U225211_2B	421	297	297M
U225211_2A	704	450	450M
U225211_3C	976	549	549M
U225211_VP3	1160	726	726M
U225211_VP1	1575	891	891M
U225211_2C	1851	987	987M
U225211_3D	2384	1386	1D1385M
U225211_VP2	1330	762	762M
